<?xml version="1.0" encoding="UTF-8"?>
<project-private xmlns="http://www.netbeans.org/ns/project-private/1">
    <editor-bookmarks xmlns="http://www.netbeans.org/ns/editor-bookmarks/2" lastBookmarkId="0"/>
    <open-files xmlns="http://www.netbeans.org/ns/projectui-open-files/2">
        <group>
            <file>file:/D:/KULIAH/SEMESTER%205/PRAK%20SISTER/TCP/faula/src/Audio/Server_Audio_TCP.java</file>
            <file>file:/D:/KULIAH/SEMESTER%205/PRAK%20SISTER/TCP/faula/src/Audio/Client_Audio_TCP.java</file>
        </group>
    </open-files>
</project-private>
